CustomerID,CustomerName,CustomerState
1,Jacqueline,OK
2,Sally,RI
3,Reynaldo,OR
4,Jean,IL
5,Marie,TN
6,Irene,WV
7,Owen,ME
8,Ariel,LA
9,Shelly,WV
10,Esmeralda,ME
11,Bret,GA
12,Jasmine,IL
13,Guy,NM
14,Ana,AZ
15,Miranda,FL
16,Jesse,NE
17,Christopher,FL
18,Lynn,RI
19,Hope,MS
20,Stuart,NY
21,Dwight,WA
22,Tiffani,GA
23,Latoya,WV
24,Gordon,CO
25,Ruth,NV
26,Jody,CT
27,Mayra,AR
28,Jodi,MT
29,Autumn,RI
30,Dusty,AK
31,Hayley,NH
32,Kasey,RI
33,James,AZ
34,Katy,AZ
35,Lacy,FL
36,Morgan,NM
37,Maria,TX
38,Jeremiah,FL
39,Lakisha,UT
40,Marquis,MA
41,Julius,ND
42,Yolanda,KS
43,Fabian,SC
44,Elias,MN
45,Grant,MT
46,Monique,IN
47,Danielle,PA
48,Lorena,MA
49,Lakesha,HI
50,Benjamin,UT
51,Jody,DC
52,Virginia,CA
53,Rosemary,NC
54,Tony,DC
55,Rita,OK
56,Joey,FL
57,Corey,AL
58,Natalie,WV
59,Randolph,TN
60,Aaron,TX
61,Alma,NH
62,Hector,KS
63,Kayla,ND
64,Jerry,AR
65,Rose,KS
66,Adrian,UT
67,Marianne,AK
68,Calvin,NV
69,Sonya,VA
70,Traci,LA
71,Shane,MN
72,Gerard,OK
73,Warren,NH
74,Nina,IA
75,Daryl,IA
76,Perry,AL
77,Russell,KS
78,Alexandria,WA
79,Stephanie,VA
80,Jocelyn,AK
81,Rachael,AK
82,Evan,MO
83,Bradley,NH
84,Gilberto,KY
85,Adrianne,IL
86,Alison,MD
87,Terri,NE
88,Terrence,SC
89,Nancy,MA
90,Gary,KY
91,Kendall,HI
92,Lindsey,KS
93,Alisha,WY
94,Derek,DC
95,Billy,AK
96,Mitchell,GA
97,Norman,NV
98,Leticia,IL
99,Lisa,OR
100,Lindsay,WV
101,Eva,IA
102,Robyn,MS
103,Lee,MI
104,Kimberley,OR
105,Loren,LA
106,Theresa,VA
107,Marilyn,GA
108,Cynthia,MD
109,Clinton,GA
110,Elliott,CO
111,Frederick,MN
112,Teresa,NV
113,Monica,ME
114,Martha,NY
115,Andrea,NJ
116,Tricia,MN
117,Glen,DE
118,Deanna,AZ
119,Celeste,NH
120,Crystal,KY
121,Rickey,NC
122,Kelley,MI
123,Tabatha,GA
124,Carolyn,DE
125,Matthew,MT
126,Kory,MD
127,Tessa,OK
128,Reginald,RI
129,Brock,WY
130,Raquel,KY
131,Pablo,NM
132,Dustin,NY
133,Miguel,CT
134,Carly,CO
135,Melanie,VT
136,Joshua,NY
137,Hilary,WA
138,Carissa,KS
139,Leslie,ND
140,Trenton,NH
141,Marlene,IA
142,Fredrick,CA
143,Derick,NY
144,Cathy,NC
145,Ruby,AZ
146,Kari,PA
147,Felicia,WI
148,Denise,LA
149,Sabrina,MD
150,Elena,CA
151,Kristal,AL
152,Cara,AK
153,Ericka,DE
154,Joanne,ID
155,Cassandra,TX
156,Antoine,RI
157,Terence,HI
158,Christian,WV
159,Ray,MO
160,Bernard,NV
161,Collin,HI
162,Kenya,KY
163,Corinne,HI
164,Cameron,LA
165,Norma,NH
166,Lauren,OK
167,Danny,DC
168,Gabriel,ND
169,Toni,MA
170,Mike,MN
171,Jarod,CO
172,Sherry,ID
173,Stanley,AR
174,Cheryl,MI
175,Rochelle,MN
176,Andre,IA
177,Dane,UT
178,Victoria,IL
179,Darlene,MI
180,Jay,AK
181,Daniel,CA
182,Johnnie,IL
183,Gwendolyn,SC
184,Morgan,NY
185,Colby,MD
186,Mathew,AZ
187,Desiree,CA
188,Ronald,AK
189,Josephine,NM
190,Willie,FL
191,Jess,WI
192,Chasity,AR
193,Gilbert,IL
194,Angel,VT
195,Herbert,ID
196,Rafael,ID
197,Duane,OH
198,Rolando,KY
199,Kristina,WY
200,Mandy,PA
201,Marques,CO
202,Leo,OR
203,Kirk,UT
204,Kathryn,ND
205,Jimmy,IL
206,Dennis,MO
207,Jaclyn,WY
208,Johnathan,MA
209,Lee,IL
210,Candace,NE
211,Sherri,IN
212,Jodie,WI
213,Dominic,IA
214,Franklin,CT
215,Marvin,PA
216,Kelsey,OK
217,Jackie,TX
218,Abel,AL
219,Debra,DE
220,Brooks,TX
221,Haley,ND
222,Carol,TN
223,Gustavo,IN
224,Jeannette,GA
225,Kent,ND
226,John,NM
227,Austin,SD
228,Mason,PA
229,Desmond,MN
230,Wesley,AR
231,Alyssa,OH
232,Destiny,CO
233,Megan,WY
234,Brittney,FL
235,Ross,NV
236,Latasha,GA
237,Audra,AK
238,Leah,MS
239,Tami,NY
240,Darren,WA
241,Roland,NC
242,Clay,NC
243,Lewis,HI
244,Kurtis,MO
245,Jacob,MA
246,Jordan,WA
247,Raymond,RI
248,Josh,AK
249,Craig,UT
250,Tracie,KS
251,Ryan,FL
252,Sam,NJ
253,Susan,NC
254,Leslie,NJ
255,Jason,MD
256,Tracey,NY
257,Christian,WA
258,Tanisha,MS
259,Caroline,IN
260,Rhonda,CA
261,Patrice,RI
262,Johnny,DE
263,Barbara,WA
264,Courtney,SC
265,Jonathon,MS
266,Bryce,KY
267,Everett,WY
268,Miriam,DC
269,Beverly,GA
270,Alonzo,WV
271,Harry,MA
272,Lacey,WV
273,Bradford,IN
274,Casandra,MA
275,Philip,NJ
276,Latisha,WA
277,Kate,MS
278,Bryon,AK
279,Kelly,OR
280,Stacey,MD
281,Renee,PA
282,Geoffrey,RI
283,Dallas,MS
284,Rebekah,MO
285,Kurt,MS
286,Caitlin,HI
287,Henry,NC
288,Ted,WY
289,Catherine,VT
290,Ivan,MN
291,Claudia,OR
292,Joe,AZ
293,Dianna,KY
294,Patricia,KS
295,Nicholas,ND
296,Caleb,WY
297,Arthur,RI
298,Adrienne,IL
299,Milton,CT
300,Heath,DC
301,Tomas,ID
302,Rudy,ME
303,Felix,LA
304,Darrell,GA
305,Mindy,FL
306,Troy,SC
307,Kirsten,MO
308,Walter,SD
309,Dean,FL
310,Maribel,NE
311,Camille,DC
312,Brandon,MS
313,David,WV
314,Diana,CO
315,Sergio,OH
316,Gretchen,ME
317,Beth,SC
318,Jana,AR
319,Anthony,IA
320,Candice,GA
321,Carla,AL
322,Dwayne,NH
323,Lena,MS
324,Helen,WI
325,Kellen,NJ
326,Miles,AZ
327,Kristin,AL
328,Courtney,ID
329,Ann,GA
330,Shannon,IA
331,Kendrick,NY
332,Leonard,TN
333,Rick,FL
334,Elisa,NM
335,Clint,WA
336,Orlando,WI
337,Clarence,AK
338,Lloyd,KY
339,Allyson,CO
340,Amber,RI
341,Charlotte,IL
342,Jillian,ND
343,Krista,FL
344,Amanda,CT
345,Krystal,SC
346,Bryant,NM
347,Tyson,SC
348,Yvette,DE
349,Evelyn,IN
350,Armando,UT
351,Jeffrey,SD
352,Jessica,CT
353,Darin,NV
354,Allison,MS
355,Amy,WV
356,Omar,OR
357,Terrell,MN
358,Lara,SC
359,Martin,SC
360,Alvin,SC
361,Barry,CT
362,Gabriela,MA
363,Logan,LA
364,Aimee,CO
365,Roderick,KS
366,Noel,NV
367,Brianna,GA
368,Bianca,SC
369,Cortney,IN
370,Veronica,MD
371,Lamar,NV
372,Abby,FL
373,Tabitha,ND
374,Dena,ME
375,Cassie,MT
376,Abigail,LA
377,Quentin,MI
378,Terra,NY
379,Sidney,MT
380,Shayla,AK
381,Anna,WV
382,Rodney,WI
383,Priscilla,PA
384,Brady,MS
385,Ralph,WY
386,Hollie,MI
387,Harold,PA
388,Kendra,PA
389,Marco,NC
390,Jolene,NC
391,Javier,DC
392,Jarred,OR
393,Brandy,IL
394,Jerrod,NV
395,Blair,DE
396,Casey,MN
397,Josue,RI
398,Elise,AL
399,Bobbie,PA
400,Jayme,MS
401,Meagan,ME
402,Jami,SD
403,Thomas,VT
404,Daisy,KS
405,Enrique,AR
406,Kristopher,VT
407,Misty,CO
408,Vanessa,MS
409,Katharine,TX
410,Ricky,AL
411,Lionel,KS
412,Shana,ME
413,Justin,OR
414,Ricardo,LA
415,Alana,TN
416,Maggie,KS
417,Charity,CT
418,Hugo,ME
419,Garrett,MD
420,Gina,KS
421,Jorge,NV
422,Wendy,NH
423,Jarrett,CT
424,Heidi,OK
425,Katie,AL
426,Carlton,NJ
427,Julio,NJ
428,Rocky,NH
429,Christin,NM
430,Beau,MD
431,Kenny,DC
432,Ernest,NE
433,Jarrod,WI
434,Carl,MT
435,Darnell,ID
436,Billie,DC
437,Jennifer,MS
438,Amie,SC
439,Cory,MS
440,Antwan,UT
441,Graham,AL
442,Brandie,MO
443,Rachelle,MD
444,Jonathan,DE
445,Brooke,OR
446,Branden,NJ
447,Cody,ND
448,Kristen,HI
449,Tiffany,WV
450,Nickolas,IA
451,Gloria,ND
452,Xavier,CO
453,Emily,ID
454,Ashleigh,ME
455,Constance,WI
456,Jarvis,HI
457,Phillip,ND
458,Alicia,ME
459,Marc,IA
460,Dominick,WY
461,Shauna,OH
462,Carlos,WY
463,Rebecca,IN
464,Marisa,NJ
465,Frank,TN
466,Darryl,NV
467,Melissa,AL
468,Victor,AL
469,Weston,IN
470,Roy,LA
471,Ronnie,ND
472,Curtis,KY
473,Wade,FL
474,William,MN
475,Bobbi,WY
476,Juan,AZ
477,Erica,WY
478,Luis,MN
479,Emanuel,MA
480,Blanca,WY
481,Arturo,ND
482,Taylor,AZ
483,Kelly,ND
484,Angelica,GA
485,Israel,FL
486,Jim,MT
487,Karla,IL
488,Nadia,HI
489,Kelvin,TX
490,Chad,VT
491,Noah,VT
492,Julie,WI
493,Alex,OH
494,Shawn,MI
495,Joanna,NV
496,Elliot,NJ
497,Rusty,LA
498,Robin,CA
499,Chelsea,UT
500,Todd,TN
